id,tags,name,items,steps,hints,count,done_count,seat,scene,due,enable,desc
1,将左侧手冲壶拿起|对准水杯倒入咖啡|桌子高度90CM|桌子距离15CM,将左侧手冲壶拿起，对准水杯倒入咖啡,pourover_kettle_d82mm_qc|cup_tea_yellow_d74mm_qc,演员呈现初始状态|低头注释即将操作的道具|将左侧手冲壶拿起|对准水杯倒入咖啡|放下手中道具|松手并恢复到初始姿态,初始状态双手放松放置在桌面上手心朝下|手操作道具时目光跟随手动作缓慢移动|放慢动作保证录制时长不低于10秒,5,,,HUMAN_CAGE,2025/11/30,TRUE,NR26Q2_ITF_Act1_Task001
2,拿起右前方置物架|放置在中间桌面|桌子高度90CM|桌子距离25CM,拿起右前方置物架，放置在中间桌面,置物架,演员呈现初始状态|低头注释即将操作的道具|拿起右前方置物架|放置在中间桌面|放下手中道具|松手并恢复到初始姿态,初始状态双手放松放置在桌面上手心朝下|手操作道具时目光跟随手动作缓慢移动|放慢动作保证录制时长不低于10秒,5,,,HUMAN_CAGE,2025/11/30,TRUE,NR26Q2_ITF_Act1_Task005
3,抓起左侧乐高方块|放置在右前方篮子里|桌子高度100CM|桌子距离15CM,抓起左侧乐高方块，放置在右前方篮子里,乐高方块|basket_30_xp,演员呈现初始状态|低头注释即将操作的道具|抓起左侧乐高方块|放置在右前方篮子里|放下手中道具|松手并恢复到初始姿态,初始状态双手放松放置在桌面上手心朝下|手操作道具时目光跟随手动作缓慢移动|放慢动作保证录制时长不低于10秒,5,,,HUMAN_CAGE,2025/11/30,TRUE,NR26Q2_ITF_Act1_Task006
4,将中间小烛台拿起|放置在左前方置物架|桌子高度100CM|桌子距离25CM,将中间小烛台拿起，放置在左前方置物架,小烛台|置物架,演员呈现初始状态|低头注释即将操作的道具|将中间小烛台拿起|放置在左前方置物架|放下手中道具|松手并恢复到初始姿态,初始状态双手放松放置在桌面上手心朝下|手操作道具时目光跟随手动作缓慢移动|放慢动作保证录制时长不低于10秒,5,,,HUMAN_CAGE,2025/11/30,TRUE,NR26Q2_ITF_Act1_Task003
5,拿起右侧纸团|扔进中间桌面垃圾桶|桌子高度90CM|桌子距离15CM,拿起右侧纸团，扔进中间桌面垃圾桶,纸团|桌面垃圾桶,演员呈现初始状态|低头注释即将操作的道具|拿起右侧纸团|扔进中间桌面垃圾桶|放下手中道具|松手并恢复到初始姿态,初始状态双手放松放置在桌面上手心朝下|手操作道具时目光跟随手动作缓慢移动|放慢动作保证录制时长不低于10秒,5,,,HUMAN_CAGE,2025/11/30,TRUE,NR26Q2_ITF_Act1_Task004
6,抓起左前方“鸭子”|放置在右侧置物架上|桌子高度90CM|桌子距离25CM,抓起左前方“鸭子”，放置在右侧置物架上,duck|置物架,演员呈现初始状态|低头注释即将操作的道具|抓起左前方“鸭子”|放置在右侧置物架上|放下手中道具|松手并恢复到初始姿态,初始状态双手放松放置在桌面上手心朝下|手操作道具时目光跟随手动作缓慢移动|放慢动作保证录制时长不低于10秒,5,,,HUMAN_CAGE,2025/11/30,TRUE,NR26Q2_ITF_Act1_Task001
7,拿起中间水杯|放置在右前方桌面|桌子高度100CM|桌子距离15CM,拿起中间水杯，放置在右前方桌面,cup_tea_yellow_d74mm_qc,演员呈现初始状态|低头注释即将操作的道具|拿起中间水杯|放置在右前方桌面|放下手中道具|松手并恢复到初始姿态,初始状态双手放松放置在桌面上手心朝下|手操作道具时目光跟随手动作缓慢移动|放慢动作保证录制时长不低于10秒,5,,,HUMAN_CAGE,2025/11/30,TRUE,NR26Q2_ITF_Act1_Task001
8,将左侧扫帚拿起|扫向右前方地面|桌子高度100CM|桌子距离25CM,将左侧扫帚拿起，扫向右前方地面,扫帚,演员呈现初始状态|低头注释即将操作的道具|将左侧扫帚拿起|扫向右前方地面|放下手中道具|松手并恢复到初始姿态,初始状态双手放松放置在桌面上手心朝下|手操作道具时目光跟随手动作缓慢移动|放慢动作保证录制时长不低于10秒,5,,,HUMAN_CAGE,2025/11/30,TRUE,NR26Q2_ITF_Act1_Task002
9,抓起右前方长柄刷子|放置在左侧置物架|桌子高度90CM|桌子距离15CM,抓起右前方长柄刷子，放置在左侧置物架,长柄刷子|置物架,演员呈现初始状态|低头注释即将操作的道具|抓起右前方长柄刷子|放置在左侧置物架|放下手中道具|松手并恢复到初始姿态,初始状态双手放松放置在桌面上手心朝下|手操作道具时目光跟随手动作缓慢移动|放慢动作保证录制时长不低于10秒,5,,,HUMAN_CAGE,2025/11/30,TRUE,NR26Q2_ITF_Act1_Task005
10,拿起中间纸团|替换左侧桌面垃圾桶内的纸团|桌子高度90CM|桌子距离25CM,拿起中间纸团，替换左侧桌面垃圾桶内的纸团,纸团|桌面垃圾桶,演员呈现初始状态|低头注释即将操作的道具|拿起中间纸团|替换左侧桌面垃圾桶内的纸团|放下手中道具|松手并恢复到初始姿态,初始状态双手放松放置在桌面上手心朝下|手操作道具时目光跟随手动作缓慢移动|放慢动作保证录制时长不低于10秒,5,,,HUMAN_CAGE,2025/11/30,TRUE,NR26Q2_ITF_Act1_Task004
11,将右前方手冲壶拿起|放置在左侧置物架|桌子高度100CM|桌子距离15CM,将右前方手冲壶拿起，放置在左侧置物架,pourover_kettle_d82mm_qc|置物架,演员呈现初始状态|低头注释即将操作的道具|将右前方手冲壶拿起|放置在左侧置物架|放下手中道具|松手并恢复到初始姿态,初始状态双手放松放置在桌面上手心朝下|手操作道具时目光跟随手动作缓慢移动|放慢动作保证录制时长不低于10秒,5,,,HUMAN_CAGE,2025/11/30,TRUE,NR26Q2_ITF_Act1_Task001
12,抓起左侧置物架|替换中间桌面的置物架|桌子高度100CM|桌子距离25CM,抓起左侧置物架，替换中间桌面的置物架,置物架,演员呈现初始状态|低头注释即将操作的道具|抓起左侧置物架|替换中间桌面的置物架|放下手中道具|松手并恢复到初始姿态,初始状态双手放松放置在桌面上手心朝下|手操作道具时目光跟随手动作缓慢移动|放慢动作保证录制时长不低于10秒,5,,,HUMAN_CAGE,2025/11/30,TRUE,NR26Q2_ITF_Act1_Task005
13,拿起中间乐高方块|放置在右前方篮子里|桌子高度90CM|桌子距离15CM,拿起中间乐高方块，放置在右前方篮子里,乐高方块|basket_30_xp,演员呈现初始状态|低头注释即将操作的道具|拿起中间乐高方块|放置在右前方篮子里|放下手中道具|松手并恢复到初始姿态,初始状态双手放松放置在桌面上手心朝下|手操作道具时目光跟随手动作缓慢移动|放慢动作保证录制时长不低于10秒,5,,,HUMAN_CAGE,2025/11/30,TRUE,NR26Q2_ITF_Act1_Task006
14,将左前方小烛台拿起|放置在右侧置物架|桌子高度90CM|桌子距离25CM,将左前方小烛台拿起，放置在右侧置物架,小烛台|置物架,演员呈现初始状态|低头注释即将操作的道具|将左前方小烛台拿起|放置在右侧置物架|放下手中道具|松手并恢复到初始姿态,初始状态双手放松放置在桌面上手心朝下|手操作道具时目光跟随手动作缓慢移动|放慢动作保证录制时长不低于10秒,5,,,HUMAN_CAGE,2025/11/30,TRUE,NR26Q2_ITF_Act1_Task003
15,抓起右侧扫帚|扫向中间地面|桌子高度100CM|桌子距离15CM,抓起右侧扫帚，扫向中间地面,扫帚,演员呈现初始状态|低头注释即将操作的道具|抓起右侧扫帚|扫向中间地面|放下手中道具|松手并恢复到初始姿态,初始状态双手放松放置在桌面上手心朝下|手操作道具时目光跟随手动作缓慢移动|放慢动作保证录制时长不低于10秒,5,,,HUMAN_CAGE,2025/11/30,TRUE,NR26Q2_ITF_Act1_Task002
16,拿起左前方长柄刷子|替换右侧置物架内的长柄刷子|桌子高度100CM|桌子距离25CM,拿起左前方长柄刷子，替换右侧置物架内的长柄刷子,长柄刷子|置物架,演员呈现初始状态|低头注释即将操作的道具|拿起左前方长柄刷子|替换右侧置物架内的长柄刷子|放下手中道具|松手并恢复到初始姿态,初始状态双手放松放置在桌面上手心朝下|手操作道具时目光跟随手动作缓慢移动|放慢动作保证录制时长不低于10秒,5,,,HUMAN_CAGE,2025/11/30,TRUE,NR26Q2_ITF_Act1_Task005
17,将中间水杯拿起|放置在左前方桌面|桌子高度90CM|桌子距离15CM,将中间水杯拿起，放置在左前方桌面,cup_tea_yellow_d74mm_qc,演员呈现初始状态|低头注释即将操作的道具|将中间水杯拿起|放置在左前方桌面|放下手中道具|松手并恢复到初始姿态,初始状态双手放松放置在桌面上手心朝下|手操作道具时目光跟随手动作缓慢移动|放慢动作保证录制时长不低于10秒,5,,,HUMAN_CAGE,2025/11/30,TRUE,NR26Q2_ITF_Act1_Task001
18,抓起右侧纸团|扔进左前方桌面垃圾桶|桌子高度90CM|桌子距离25CM,抓起右侧纸团，扔进左前方桌面垃圾桶,纸团|桌面垃圾桶,演员呈现初始状态|低头注释即将操作的道具|抓起右侧纸团|扔进左前方桌面垃圾桶|放下手中道具|松手并恢复到初始姿态,初始状态双手放松放置在桌面上手心朝下|手操作道具时目光跟随手动作缓慢移动|放慢动作保证录制时长不低于10秒,5,,,HUMAN_CAGE,2025/11/30,TRUE,NR26Q2_ITF_Act1_Task004
19,拿起左侧“鸭子”|放置在中间置物架上|桌子高度100CM|桌子距离15CM,拿起左侧“鸭子”，放置在中间置物架上,duck|置物架,演员呈现初始状态|低头注释即将操作的道具|拿起左侧“鸭子”|放置在中间置物架上|放下手中道具|松手并恢复到初始姿态,初始状态双手放松放置在桌面上手心朝下|手操作道具时目光跟随手动作缓慢移动|放慢动作保证录制时长不低于10秒,5,,,HUMAN_CAGE,2025/11/30,TRUE,NR26Q2_ITF_Act1_Task001
20,将右前方手冲壶拿起|对准左侧水杯倒入咖啡|桌子高度100CM|桌子距离25CM,将右前方手冲壶拿起，对准左侧水杯倒入咖啡,pourover_kettle_d82mm_qc|cup_tea_yellow_d74mm_qc,演员呈现初始状态|低头注释即将操作的道具|将右前方手冲壶拿起|对准左侧水杯倒入咖啡|放下手中道具|松手并恢复到初始姿态,初始状态双手放松放置在桌面上手心朝下|手操作道具时目光跟随手动作缓慢移动|放慢动作保证录制时长不低于10秒,5,,,HUMAN_CAGE,2025/11/30,TRUE,NR26Q2_ITF_Act1_Task001
21,将左侧手冲壶拿起|对准水杯倒入咖啡|桌子高度100CM|桌子距离15CM,将左侧手冲壶拿起，对准水杯倒入咖啡,pourover_kettle_d82mm_qc|cup_tea_yellow_d74mm_qc,演员呈现初始状态|低头注释即将操作的道具|将左侧手冲壶拿起|对准水杯倒入咖啡|放下手中道具|松手并恢复到初始姿态,初始状态双手放松放置在桌面上手心朝下|手操作道具时目光跟随手动作缓慢移动|放慢动作保证录制时长不低于10秒,5,,,HUMAN_CAGE,2025/11/30,TRUE,NR26Q2_ITF_Act1_Task001
22,拿起右前方置物架|放置在中间桌面|桌子高度100CM|桌子距离25CM,拿起右前方置物架，放置在中间桌面,置物架,演员呈现初始状态|低头注释即将操作的道具|拿起右前方置物架|放置在中间桌面|放下手中道具|松手并恢复到初始姿态,初始状态双手放松放置在桌面上手心朝下|手操作道具时目光跟随手动作缓慢移动|放慢动作保证录制时长不低于10秒,5,,,HUMAN_CAGE,2025/11/30,TRUE,NR26Q2_ITF_Act1_Task005
23,抓起左侧乐高方块|放置在右前方篮子里|桌子高度90CM|桌子距离15CM,抓起左侧乐高方块，放置在右前方篮子里,乐高方块|basket_30_xp,演员呈现初始状态|低头注释即将操作的道具|抓起左侧乐高方块|放置在右前方篮子里|放下手中道具|松手并恢复到初始姿态,初始状态双手放松放置在桌面上手心朝下|手操作道具时目光跟随手动作缓慢移动|放慢动作保证录制时长不低于10秒,5,,,HUMAN_CAGE,2025/11/30,TRUE,NR26Q2_ITF_Act1_Task006
24,将中间小烛台拿起|放置在左前方置物架|桌子高度90CM|桌子距离25CM,将中间小烛台拿起，放置在左前方置物架,小烛台|置物架,演员呈现初始状态|低头注释即将操作的道具|将中间小烛台拿起|放置在左前方置物架|放下手中道具|松手并恢复到初始姿态,初始状态双手放松放置在桌面上手心朝下|手操作道具时目光跟随手动作缓慢移动|放慢动作保证录制时长不低于10秒,5,,,HUMAN_CAGE,2025/11/30,TRUE,NR26Q2_ITF_Act1_Task003
25,拿起右侧纸团|扔进中间桌面垃圾桶|桌子高度100CM|桌子距离15CM,拿起右侧纸团，扔进中间桌面垃圾桶,纸团|桌面垃圾桶,演员呈现初始状态|低头注释即将操作的道具|拿起右侧纸团|扔进中间桌面垃圾桶|放下手中道具|松手并恢复到初始姿态,初始状态双手放松放置在桌面上手心朝下|手操作道具时目光跟随手动作缓慢移动|放慢动作保证录制时长不低于10秒,5,,,HUMAN_CAGE,2025/11/30,TRUE,NR26Q2_ITF_Act1_Task004
26,抓起左前方“鸭子”|放置在右侧置物架上|桌子高度100CM|桌子距离25CM,抓起左前方“鸭子”，放置在右侧置物架上,duck|置物架,演员呈现初始状态|低头注释即将操作的道具|抓起左前方“鸭子”|放置在右侧置物架上|放下手中道具|松手并恢复到初始姿态,初始状态双手放松放置在桌面上手心朝下|手操作道具时目光跟随手动作缓慢移动|放慢动作保证录制时长不低于10秒,5,,,HUMAN_CAGE,2025/11/30,TRUE,NR26Q2_ITF_Act1_Task001
27,拿起中间水杯|放置在右前方桌面|桌子高度90CM|桌子距离15CM,拿起中间水杯，放置在右前方桌面,cup_tea_yellow_d74mm_qc,演员呈现初始状态|低头注释即将操作的道具|拿起中间水杯|放置在右前方桌面|放下手中道具|松手并恢复到初始姿态,初始状态双手放松放置在桌面上手心朝下|手操作道具时目光跟随手动作缓慢移动|放慢动作保证录制时长不低于10秒,5,,,HUMAN_CAGE,2025/11/30,TRUE,NR26Q2_ITF_Act1_Task001
28,将左侧扫帚拿起|扫向右前方地面|桌子高度90CM|桌子距离25CM,将左侧扫帚拿起，扫向右前方地面,扫帚,演员呈现初始状态|低头注释即将操作的道具|将左侧扫帚拿起|扫向右前方地面|放下手中道具|松手并恢复到初始姿态,初始状态双手放松放置在桌面上手心朝下|手操作道具时目光跟随手动作缓慢移动|放慢动作保证录制时长不低于10秒,5,,,HUMAN_CAGE,2025/11/30,TRUE,NR26Q2_ITF_Act1_Task002
29,抓起右前方长柄刷子|放置在左侧置物架|桌子高度100CM|桌子距离15CM,抓起右前方长柄刷子，放置在左侧置物架,长柄刷子|置物架,演员呈现初始状态|低头注释即将操作的道具|抓起右前方长柄刷子|放置在左侧置物架|放下手中道具|松手并恢复到初始姿态,初始状态双手放松放置在桌面上手心朝下|手操作道具时目光跟随手动作缓慢移动|放慢动作保证录制时长不低于10秒,5,,,HUMAN_CAGE,2025/11/30,TRUE,NR26Q2_ITF_Act1_Task005
30,拿起中间纸团|替换左侧桌面垃圾桶内的纸团|桌子高度100CM|桌子距离25CM,拿起中间纸团，替换左侧桌面垃圾桶内的纸团,纸团|桌面垃圾桶,演员呈现初始状态|低头注释即将操作的道具|拿起中间纸团|替换左侧桌面垃圾桶内的纸团|放下手中道具|松手并恢复到初始姿态,初始状态双手放松放置在桌面上手心朝下|手操作道具时目光跟随手动作缓慢移动|放慢动作保证录制时长不低于10秒,5,,,HUMAN_CAGE,2025/11/30,TRUE,NR26Q2_ITF_Act1_Task004
31,将右前方手冲壶拿起|放置在左侧置物架|桌子高度90CM|桌子距离15CM,将右前方手冲壶拿起，放置在左侧置物架,pourover_kettle_d82mm_qc|置物架,演员呈现初始状态|低头注释即将操作的道具|将右前方手冲壶拿起|放置在左侧置物架|放下手中道具|松手并恢复到初始姿态,初始状态双手放松放置在桌面上手心朝下|手操作道具时目光跟随手动作缓慢移动|放慢动作保证录制时长不低于10秒,5,,,HUMAN_CAGE,2025/11/30,TRUE,NR26Q2_ITF_Act1_Task001
32,抓起左侧置物架|替换中间桌面的置物架|桌子高度90CM|桌子距离25CM,抓起左侧置物架，替换中间桌面的置物架,置物架,演员呈现初始状态|低头注释即将操作的道具|抓起左侧置物架|替换中间桌面的置物架|放下手中道具|松手并恢复到初始姿态,初始状态双手放松放置在桌面上手心朝下|手操作道具时目光跟随手动作缓慢移动|放慢动作保证录制时长不低于10秒,5,,,HUMAN_CAGE,2025/11/30,TRUE,NR26Q2_ITF_Act1_Task005
33,拿起中间乐高方块|放置在右前方篮子里|桌子高度100CM|桌子距离15CM,拿起中间乐高方块，放置在右前方篮子里,乐高方块|basket_30_xp,演员呈现初始状态|低头注释即将操作的道具|拿起中间乐高方块|放置在右前方篮子里|放下手中道具|松手并恢复到初始姿态,初始状态双手放松放置在桌面上手心朝下|手操作道具时目光跟随手动作缓慢移动|放慢动作保证录制时长不低于10秒,5,,,HUMAN_CAGE,2025/11/30,TRUE,NR26Q2_ITF_Act1_Task006
34,将左前方小烛台拿起|放置在右侧置物架|桌子高度100CM|桌子距离25CM,将左前方小烛台拿起，放置在右侧置物架,小烛台|置物架,演员呈现初始状态|低头注释即将操作的道具|将左前方小烛台拿起|放置在右侧置物架|放下手中道具|松手并恢复到初始姿态,初始状态双手放松放置在桌面上手心朝下|手操作道具时目光跟随手动作缓慢移动|放慢动作保证录制时长不低于10秒,5,,,HUMAN_CAGE,2025/11/30,TRUE,NR26Q2_ITF_Act1_Task003
35,抓起右侧扫帚|扫向中间地面|桌子高度90CM|桌子距离15CM,抓起右侧扫帚，扫向中间地面,扫帚,演员呈现初始状态|低头注释即将操作的道具|抓起右侧扫帚|扫向中间地面|放下手中道具|松手并恢复到初始姿态,初始状态双手放松放置在桌面上手心朝下|手操作道具时目光跟随手动作缓慢移动|放慢动作保证录制时长不低于10秒,5,,,HUMAN_CAGE,2025/11/30,TRUE,NR26Q2_ITF_Act1_Task002
36,拿起左前方长柄刷子|替换右侧置物架内的长柄刷子|桌子高度90CM|桌子距离25CM,拿起左前方长柄刷子，替换右侧置物架内的长柄刷子,长柄刷子|置物架,演员呈现初始状态|低头注释即将操作的道具|拿起左前方长柄刷子|替换右侧置物架内的长柄刷子|放下手中道具|松手并恢复到初始姿态,初始状态双手放松放置在桌面上手心朝下|手操作道具时目光跟随手动作缓慢移动|放慢动作保证录制时长不低于10秒,5,,,HUMAN_CAGE,2025/11/30,TRUE,NR26Q2_ITF_Act1_Task005
37,将中间水杯拿起|放置在左前方桌面|桌子高度100CM|桌子距离15CM,将中间水杯拿起，放置在左前方桌面,cup_tea_yellow_d74mm_qc,演员呈现初始状态|低头注释即将操作的道具|将中间水杯拿起|放置在左前方桌面|放下手中道具|松手并恢复到初始姿态,初始状态双手放松放置在桌面上手心朝下|手操作道具时目光跟随手动作缓慢移动|放慢动作保证录制时长不低于10秒,5,,,HUMAN_CAGE,2025/11/30,TRUE,NR26Q2_ITF_Act1_Task001
38,抓起右侧纸团|扔进左前方桌面垃圾桶|桌子高度100CM|桌子距离25CM,抓起右侧纸团，扔进左前方桌面垃圾桶,纸团|桌面垃圾桶,演员呈现初始状态|低头注释即将操作的道具|抓起右侧纸团|扔进左前方桌面垃圾桶|放下手中道具|松手并恢复到初始姿态,初始状态双手放松放置在桌面上手心朝下|手操作道具时目光跟随手动作缓慢移动|放慢动作保证录制时长不低于10秒,5,,,HUMAN_CAGE,2025/11/30,TRUE,NR26Q2_ITF_Act1_Task004
39,拿起左侧“鸭子”|放置在中间置物架上|桌子高度90CM|桌子距离15CM,拿起左侧“鸭子”，放置在中间置物架上,duck|置物架,演员呈现初始状态|低头注释即将操作的道具|拿起左侧“鸭子”|放置在中间置物架上|放下手中道具|松手并恢复到初始姿态,初始状态双手放松放置在桌面上手心朝下|手操作道具时目光跟随手动作缓慢移动|放慢动作保证录制时长不低于10秒,5,,,HUMAN_CAGE,2025/11/30,TRUE,NR26Q2_ITF_Act1_Task001
40,将右前方手冲壶拿起|对准左侧水杯倒入咖啡|桌子高度90CM|桌子距离25CM,将右前方手冲壶拿起，对准左侧水杯倒入咖啡,pourover_kettle_d82mm_qc|cup_tea_yellow_d74mm_qc,演员呈现初始状态|低头注释即将操作的道具|将右前方手冲壶拿起|对准左侧水杯倒入咖啡|放下手中道具|松手并恢复到初始姿态,初始状态双手放松放置在桌面上手心朝下|手操作道具时目光跟随手动作缓慢移动|放慢动作保证录制时长不低于10秒,5,,,HUMAN_CAGE,2025/11/30,TRUE,NR26Q2_ITF_Act1_Task001
41,将右侧手冲壶拿起|对准水杯倒入咖啡|桌子高度90CM|桌子距离15CM,将右侧手冲壶拿起，对准水杯倒入咖啡,pourover_kettle_d82mm_qc|cup_tea_yellow_d74mm_qc,演员呈现初始状态|低头注释即将操作的道具|将右侧手冲壶拿起|对准水杯倒入咖啡|放下手中道具|松手并恢复到初始姿态,初始状态双手放松放置在桌面上手心朝下|手操作道具时目光跟随手动作缓慢移动|放慢动作保证录制时长不低于10秒,5,,,HUMAN_CAGE,2025/11/30,TRUE,NR26Q2_ITF_Act1_Task001
42,拿起左前方置物架|放置在中间桌面|桌子高度90CM|桌子距离25CM,拿起左前方置物架，放置在中间桌面,置物架,演员呈现初始状态|低头注释即将操作的道具|拿起左前方置物架|放置在中间桌面|放下手中道具|松手并恢复到初始姿态,初始状态双手放松放置在桌面上手心朝下|手操作道具时目光跟随手动作缓慢移动|放慢动作保证录制时长不低于10秒,5,,,HUMAN_CAGE,2025/11/30,TRUE,NR26Q2_ITF_Act1_Task005
43,抓起右侧乐高方块|放置在左前方篮子里|桌子高度100CM|桌子距离15CM,抓起右侧乐高方块，放置在左前方篮子里,乐高方块|basket_30_xp,演员呈现初始状态|低头注释即将操作的道具|抓起右侧乐高方块|放置在左前方篮子里|放下手中道具|松手并恢复到初始姿态,初始状态双手放松放置在桌面上手心朝下|手操作道具时目光跟随手动作缓慢移动|放慢动作保证录制时长不低于10秒,5,,,HUMAN_CAGE,2025/11/30,TRUE,NR26Q2_ITF_Act1_Task006
44,将中间小烛台拿起|放置在右前方置物架|桌子高度100CM|桌子距离25CM,将中间小烛台拿起，放置在右前方置物架,小烛台|置物架,演员呈现初始状态|低头注释即将操作的道具|将中间小烛台拿起|放置在右前方置物架|放下手中道具|松手并恢复到初始姿态,初始状态双手放松放置在桌面上手心朝下|手操作道具时目光跟随手动作缓慢移动|放慢动作保证录制时长不低于10秒,5,,,HUMAN_CAGE,2025/11/30,TRUE,NR26Q2_ITF_Act1_Task003
45,拿起左侧纸团|扔进中间桌面垃圾桶|桌子高度90CM|桌子距离15CM,拿起左侧纸团，扔进中间桌面垃圾桶,纸团|桌面垃圾桶,演员呈现初始状态|低头注释即将操作的道具|拿起左侧纸团|扔进中间桌面垃圾桶|放下手中道具|松手并恢复到初始姿态,初始状态双手放松放置在桌面上手心朝下|手操作道具时目光跟随手动作缓慢移动|放慢动作保证录制时长不低于10秒,5,,,HUMAN_CAGE,2025/11/30,TRUE,NR26Q2_ITF_Act1_Task004
46,抓起右前方“鸭子”|放置在左侧置物架上|桌子高度90CM|桌子距离25CM,抓起右前方“鸭子”，放置在左侧置物架上,duck|置物架,演员呈现初始状态|低头注释即将操作的道具|抓起右前方“鸭子”|放置在左侧置物架上|放下手中道具|松手并恢复到初始姿态,初始状态双手放松放置在桌面上手心朝下|手操作道具时目光跟随手动作缓慢移动|放慢动作保证录制时长不低于10秒,5,,,HUMAN_CAGE,2025/11/30,TRUE,NR26Q2_ITF_Act1_Task001
47,拿起中间水杯|放置在左前方桌面|桌子高度100CM|桌子距离15CM,拿起中间水杯，放置在左前方桌面,cup_tea_yellow_d74mm_qc,演员呈现初始状态|低头注释即将操作的道具|拿起中间水杯|放置在左前方桌面|放下手中道具|松手并恢复到初始姿态,初始状态双手放松放置在桌面上手心朝下|手操作道具时目光跟随手动作缓慢移动|放慢动作保证录制时长不低于10秒,5,,,HUMAN_CAGE,2025/11/30,TRUE,NR26Q2_ITF_Act1_Task001
48,将右侧扫帚拿起|扫向左前方地面|桌子高度100CM|桌子距离25CM,将右侧扫帚拿起，扫向左前方地面,扫帚,演员呈现初始状态|低头注释即将操作的道具|将右侧扫帚拿起|扫向左前方地面|放下手中道具|松手并恢复到初始姿态,初始状态双手放松放置在桌面上手心朝下|手操作道具时目光跟随手动作缓慢移动|放慢动作保证录制时长不低于10秒,5,,,HUMAN_CAGE,2025/11/30,TRUE,NR26Q2_ITF_Act1_Task002
49,抓起左前方长柄刷子|放置在右侧置物架|桌子高度90CM|桌子距离15CM,抓起左前方长柄刷子，放置在右侧置物架,长柄刷子|置物架,演员呈现初始状态|低头注释即将操作的道具|抓起左前方长柄刷子|放置在右侧置物架|放下手中道具|松手并恢复到初始姿态,初始状态双手放松放置在桌面上手心朝下|手操作道具时目光跟随手动作缓慢移动|放慢动作保证录制时长不低于10秒,5,,,HUMAN_CAGE,2025/11/30,TRUE,NR26Q2_ITF_Act1_Task005
50,拿起中间纸团|替换右侧桌面垃圾桶内的纸团|桌子高度90CM|桌子距离25CM,拿起中间纸团，替换右侧桌面垃圾桶内的纸团,纸团|桌面垃圾桶,演员呈现初始状态|低头注释即将操作的道具|拿起中间纸团|替换右侧桌面垃圾桶内的纸团|放下手中道具|松手并恢复到初始姿态,初始状态双手放松放置在桌面上手心朝下|手操作道具时目光跟随手动作缓慢移动|放慢动作保证录制时长不低于10秒,5,,,HUMAN_CAGE,2025/11/30,TRUE,NR26Q2_ITF_Act1_Task004
51,将左前方手冲壶拿起|放置在右侧置物架|桌子高度100CM|桌子距离15CM,将左前方手冲壶拿起，放置在右侧置物架,pourover_kettle_d82mm_qc|置物架,演员呈现初始状态|低头注释即将操作的道具|将左前方手冲壶拿起|放置在右侧置物架|放下手中道具|松手并恢复到初始姿态,初始状态双手放松放置在桌面上手心朝下|手操作道具时目光跟随手动作缓慢移动|放慢动作保证录制时长不低于10秒,5,,,HUMAN_CAGE,2025/11/30,TRUE,NR26Q2_ITF_Act1_Task001
52,抓起右侧置物架|替换中间桌面的置物架|桌子高度100CM|桌子距离25CM,抓起右侧置物架，替换中间桌面的置物架,置物架,演员呈现初始状态|低头注释即将操作的道具|抓起右侧置物架|替换中间桌面的置物架|放下手中道具|松手并恢复到初始姿态,初始状态双手放松放置在桌面上手心朝下|手操作道具时目光跟随手动作缓慢移动|放慢动作保证录制时长不低于10秒,5,,,HUMAN_CAGE,2025/11/30,TRUE,NR26Q2_ITF_Act1_Task005
53,拿起中间乐高方块|放置在左前方篮子里|桌子高度90CM|桌子距离15CM,拿起中间乐高方块，放置在左前方篮子里,乐高方块|basket_30_xp,演员呈现初始状态|低头注释即将操作的道具|拿起中间乐高方块|放置在左前方篮子里|放下手中道具|松手并恢复到初始姿态,初始状态双手放松放置在桌面上手心朝下|手操作道具时目光跟随手动作缓慢移动|放慢动作保证录制时长不低于10秒,5,,,HUMAN_CAGE,2025/11/30,TRUE,NR26Q2_ITF_Act1_Task006
54,将右前方小烛台拿起|放置在左侧置物架|桌子高度90CM|桌子距离25CM,将右前方小烛台拿起，放置在左侧置物架,小烛台|置物架,演员呈现初始状态|低头注释即将操作的道具|将右前方小烛台拿起|放置在左侧置物架|放下手中道具|松手并恢复到初始姿态,初始状态双手放松放置在桌面上手心朝下|手操作道具时目光跟随手动作缓慢移动|放慢动作保证录制时长不低于10秒,5,,,HUMAN_CAGE,2025/11/30,TRUE,NR26Q2_ITF_Act1_Task003
55,抓起左侧扫帚|扫向中间地面|桌子高度100CM|桌子距离15CM,抓起左侧扫帚，扫向中间地面,扫帚,演员呈现初始状态|低头注释即将操作的道具|抓起左侧扫帚|扫向中间地面|放下手中道具|松手并恢复到初始姿态,初始状态双手放松放置在桌面上手心朝下|手操作道具时目光跟随手动作缓慢移动|放慢动作保证录制时长不低于10秒,5,,,HUMAN_CAGE,2025/11/30,TRUE,NR26Q2_ITF_Act1_Task002
56,拿起右前方长柄刷子|替换左侧置物架内的长柄刷子|桌子高度100CM|桌子距离25CM,拿起右前方长柄刷子，替换左侧置物架内的长柄刷子,长柄刷子|置物架,演员呈现初始状态|低头注释即将操作的道具|拿起右前方长柄刷子|替换左侧置物架内的长柄刷子|放下手中道具|松手并恢复到初始姿态,初始状态双手放松放置在桌面上手心朝下|手操作道具时目光跟随手动作缓慢移动|放慢动作保证录制时长不低于10秒,5,,,HUMAN_CAGE,2025/11/30,TRUE,NR26Q2_ITF_Act1_Task005
57,将中间水杯拿起|放置在右前方桌面|桌子高度90CM|桌子距离15CM,将中间水杯拿起，放置在右前方桌面,cup_tea_yellow_d74mm_qc,演员呈现初始状态|低头注释即将操作的道具|将中间水杯拿起|放置在右前方桌面|放下手中道具|松手并恢复到初始姿态,初始状态双手放松放置在桌面上手心朝下|手操作道具时目光跟随手动作缓慢移动|放慢动作保证录制时长不低于10秒,5,,,HUMAN_CAGE,2025/11/30,TRUE,NR26Q2_ITF_Act1_Task001
58,抓起左侧纸团|扔进右前方桌面垃圾桶|桌子高度90CM|桌子距离25CM,抓起左侧纸团，扔进右前方桌面垃圾桶,纸团|桌面垃圾桶,演员呈现初始状态|低头注释即将操作的道具|抓起左侧纸团|扔进右前方桌面垃圾桶|放下手中道具|松手并恢复到初始姿态,初始状态双手放松放置在桌面上手心朝下|手操作道具时目光跟随手动作缓慢移动|放慢动作保证录制时长不低于10秒,5,,,HUMAN_CAGE,2025/11/30,TRUE,NR26Q2_ITF_Act1_Task004
59,拿起右侧“鸭子”|放置在中间置物架上|桌子高度100CM|桌子距离15CM,拿起右侧“鸭子”，放置在中间置物架上,duck|置物架,演员呈现初始状态|低头注释即将操作的道具|拿起右侧“鸭子”|放置在中间置物架上|放下手中道具|松手并恢复到初始姿态,初始状态双手放松放置在桌面上手心朝下|手操作道具时目光跟随手动作缓慢移动|放慢动作保证录制时长不低于10秒,5,,,HUMAN_CAGE,2025/11/30,TRUE,NR26Q2_ITF_Act1_Task001
60,将左前方手冲壶拿起|对准右侧水杯倒入咖啡|桌子高度100CM|桌子距离25CM,将左前方手冲壶拿起，对准右侧水杯倒入咖啡,pourover_kettle_d82mm_qc|cup_tea_yellow_d74mm_qc,演员呈现初始状态|低头注释即将操作的道具|将左前方手冲壶拿起|对准右侧水杯倒入咖啡|放下手中道具|松手并恢复到初始姿态,初始状态双手放松放置在桌面上手心朝下|手操作道具时目光跟随手动作缓慢移动|放慢动作保证录制时长不低于10秒,5,,,HUMAN_CAGE,2025/11/30,TRUE,NR26Q2_ITF_Act1_Task001
61,将右侧手冲壶拿起|对准水杯倒入咖啡|桌子高度100CM|桌子距离15CM,将右侧手冲壶拿起，对准水杯倒入咖啡,pourover_kettle_d82mm_qc|cup_tea_yellow_d74mm_qc,演员呈现初始状态|低头注释即将操作的道具|将右侧手冲壶拿起|对准水杯倒入咖啡|放下手中道具|松手并恢复到初始姿态,初始状态双手放松放置在桌面上手心朝下|手操作道具时目光跟随手动作缓慢移动|放慢动作保证录制时长不低于10秒,5,,,HUMAN_CAGE,2025/11/30,TRUE,NR26Q2_ITF_Act1_Task001
62,拿起左前方置物架|放置在中间桌面|桌子高度100CM|桌子距离25CM,拿起左前方置物架，放置在中间桌面,置物架,演员呈现初始状态|低头注释即将操作的道具|拿起左前方置物架|放置在中间桌面|放下手中道具|松手并恢复到初始姿态,初始状态双手放松放置在桌面上手心朝下|手操作道具时目光跟随手动作缓慢移动|放慢动作保证录制时长不低于10秒,5,,,HUMAN_CAGE,2025/11/30,TRUE,NR26Q2_ITF_Act1_Task005
63,抓起右侧乐高方块|放置在左前方篮子里|桌子高度90CM|桌子距离15CM,抓起右侧乐高方块，放置在左前方篮子里,乐高方块|basket_30_xp,演员呈现初始状态|低头注释即将操作的道具|抓起右侧乐高方块|放置在左前方篮子里|放下手中道具|松手并恢复到初始姿态,初始状态双手放松放置在桌面上手心朝下|手操作道具时目光跟随手动作缓慢移动|放慢动作保证录制时长不低于10秒,5,,,HUMAN_CAGE,2025/11/30,TRUE,NR26Q2_ITF_Act1_Task006
64,将中间小烛台拿起|放置在右前方置物架|桌子高度90CM|桌子距离25CM,将中间小烛台拿起，放置在右前方置物架,小烛台|置物架,演员呈现初始状态|低头注释即将操作的道具|将中间小烛台拿起|放置在右前方置物架|放下手中道具|松手并恢复到初始姿态,初始状态双手放松放置在桌面上手心朝下|手操作道具时目光跟随手动作缓慢移动|放慢动作保证录制时长不低于10秒,5,,,HUMAN_CAGE,2025/11/30,TRUE,NR26Q2_ITF_Act1_Task003
65,拿起左侧纸团|扔进中间桌面垃圾桶|桌子高度100CM|桌子距离15CM,拿起左侧纸团，扔进中间桌面垃圾桶,纸团|桌面垃圾桶,演员呈现初始状态|低头注释即将操作的道具|拿起左侧纸团|扔进中间桌面垃圾桶|放下手中道具|松手并恢复到初始姿态,初始状态双手放松放置在桌面上手心朝下|手操作道具时目光跟随手动作缓慢移动|放慢动作保证录制时长不低于10秒,5,,,HUMAN_CAGE,2025/11/30,TRUE,NR26Q2_ITF_Act1_Task004
66,抓起右前方“鸭子”|放置在左侧置物架上|桌子高度100CM|桌子距离25CM,抓起右前方“鸭子”，放置在左侧置物架上,duck|置物架,演员呈现初始状态|低头注释即将操作的道具|抓起右前方“鸭子”|放置在左侧置物架上|放下手中道具|松手并恢复到初始姿态,初始状态双手放松放置在桌面上手心朝下|手操作道具时目光跟随手动作缓慢移动|放慢动作保证录制时长不低于10秒,5,,,HUMAN_CAGE,2025/11/30,TRUE,NR26Q2_ITF_Act1_Task001
67,拿起中间水杯|放置在左前方桌面|桌子高度90CM|桌子距离15CM,拿起中间水杯，放置在左前方桌面,cup_tea_yellow_d74mm_qc,演员呈现初始状态|低头注释即将操作的道具|拿起中间水杯|放置在左前方桌面|放下手中道具|松手并恢复到初始姿态,初始状态双手放松放置在桌面上手心朝下|手操作道具时目光跟随手动作缓慢移动|放慢动作保证录制时长不低于10秒,5,,,HUMAN_CAGE,2025/11/30,TRUE,NR26Q2_ITF_Act1_Task001
68,将右侧扫帚拿起|扫向左前方地面|桌子高度90CM|桌子距离25CM,将右侧扫帚拿起，扫向左前方地面,扫帚,演员呈现初始状态|低头注释即将操作的道具|将右侧扫帚拿起|扫向左前方地面|放下手中道具|松手并恢复到初始姿态,初始状态双手放松放置在桌面上手心朝下|手操作道具时目光跟随手动作缓慢移动|放慢动作保证录制时长不低于10秒,5,,,HUMAN_CAGE,2025/11/30,TRUE,NR26Q2_ITF_Act1_Task002
69,抓起左前方长柄刷子|放置在右侧置物架|桌子高度100CM|桌子距离15CM,抓起左前方长柄刷子，放置在右侧置物架,长柄刷子|置物架,演员呈现初始状态|低头注释即将操作的道具|抓起左前方长柄刷子|放置在右侧置物架|放下手中道具|松手并恢复到初始姿态,初始状态双手放松放置在桌面上手心朝下|手操作道具时目光跟随手动作缓慢移动|放慢动作保证录制时长不低于10秒,5,,,HUMAN_CAGE,2025/11/30,TRUE,NR26Q2_ITF_Act1_Task005
70,拿起中间纸团|替换右侧桌面垃圾桶内的纸团|桌子高度100CM|桌子距离25CM,拿起中间纸团，替换右侧桌面垃圾桶内的纸团,纸团|桌面垃圾桶,演员呈现初始状态|低头注释即将操作的道具|拿起中间纸团|替换右侧桌面垃圾桶内的纸团|放下手中道具|松手并恢复到初始姿态,初始状态双手放松放置在桌面上手心朝下|手操作道具时目光跟随手动作缓慢移动|放慢动作保证录制时长不低于10秒,5,,,HUMAN_CAGE,2025/11/30,TRUE,NR26Q2_ITF_Act1_Task004
71,将左前方手冲壶拿起|放置在右侧置物架|桌子高度90CM|桌子距离15CM,将左前方手冲壶拿起，放置在右侧置物架,pourover_kettle_d82mm_qc|置物架,演员呈现初始状态|低头注释即将操作的道具|将左前方手冲壶拿起|放置在右侧置物架|放下手中道具|松手并恢复到初始姿态,初始状态双手放松放置在桌面上手心朝下|手操作道具时目光跟随手动作缓慢移动|放慢动作保证录制时长不低于10秒,5,,,HUMAN_CAGE,2025/11/30,TRUE,NR26Q2_ITF_Act1_Task001
72,抓起右侧置物架|替换中间桌面的置物架|桌子高度90CM|桌子距离25CM,抓起右侧置物架，替换中间桌面的置物架,置物架,演员呈现初始状态|低头注释即将操作的道具|抓起右侧置物架|替换中间桌面的置物架|放下手中道具|松手并恢复到初始姿态,初始状态双手放松放置在桌面上手心朝下|手操作道具时目光跟随手动作缓慢移动|放慢动作保证录制时长不低于10秒,5,,,HUMAN_CAGE,2025/11/30,TRUE,NR26Q2_ITF_Act1_Task005
73,拿起中间乐高方块|放置在左前方篮子里|桌子高度100CM|桌子距离15CM,拿起中间乐高方块，放置在左前方篮子里,乐高方块|basket_30_xp,演员呈现初始状态|低头注释即将操作的道具|拿起中间乐高方块|放置在左前方篮子里|放下手中道具|松手并恢复到初始姿态,初始状态双手放松放置在桌面上手心朝下|手操作道具时目光跟随手动作缓慢移动|放慢动作保证录制时长不低于10秒,5,,,HUMAN_CAGE,2025/11/30,TRUE,NR26Q2_ITF_Act1_Task006
74,将右前方小烛台拿起|放置在左侧置物架|桌子高度100CM|桌子距离25CM,将右前方小烛台拿起，放置在左侧置物架,小烛台|置物架,演员呈现初始状态|低头注释即将操作的道具|将右前方小烛台拿起|放置在左侧置物架|放下手中道具|松手并恢复到初始姿态,初始状态双手放松放置在桌面上手心朝下|手操作道具时目光跟随手动作缓慢移动|放慢动作保证录制时长不低于10秒,5,,,HUMAN_CAGE,2025/11/30,TRUE,NR26Q2_ITF_Act1_Task003
75,抓起左侧扫帚|扫向中间地面|桌子高度90CM|桌子距离15CM,抓起左侧扫帚，扫向中间地面,扫帚,演员呈现初始状态|低头注释即将操作的道具|抓起左侧扫帚|扫向中间地面|放下手中道具|松手并恢复到初始姿态,初始状态双手放松放置在桌面上手心朝下|手操作道具时目光跟随手动作缓慢移动|放慢动作保证录制时长不低于10秒,5,,,HUMAN_CAGE,2025/11/30,TRUE,NR26Q2_ITF_Act1_Task002
76,拿起右前方长柄刷子|替换左侧置物架内的长柄刷子|桌子高度90CM|桌子距离25CM,拿起右前方长柄刷子，替换左侧置物架内的长柄刷子,长柄刷子|置物架,演员呈现初始状态|低头注释即将操作的道具|拿起右前方长柄刷子|替换左侧置物架内的长柄刷子|放下手中道具|松手并恢复到初始姿态,初始状态双手放松放置在桌面上手心朝下|手操作道具时目光跟随手动作缓慢移动|放慢动作保证录制时长不低于10秒,5,,,HUMAN_CAGE,2025/11/30,TRUE,NR26Q2_ITF_Act1_Task005
77,将中间水杯拿起|放置在右前方桌面|桌子高度100CM|桌子距离15CM,将中间水杯拿起，放置在右前方桌面,cup_tea_yellow_d74mm_qc,演员呈现初始状态|低头注释即将操作的道具|将中间水杯拿起|放置在右前方桌面|放下手中道具|松手并恢复到初始姿态,初始状态双手放松放置在桌面上手心朝下|手操作道具时目光跟随手动作缓慢移动|放慢动作保证录制时长不低于10秒,5,,,HUMAN_CAGE,2025/11/30,TRUE,NR26Q2_ITF_Act1_Task001
78,抓起左侧纸团|扔进右前方桌面垃圾桶|桌子高度100CM|桌子距离25CM,抓起左侧纸团，扔进右前方桌面垃圾桶,纸团|桌面垃圾桶,演员呈现初始状态|低头注释即将操作的道具|抓起左侧纸团|扔进右前方桌面垃圾桶|放下手中道具|松手并恢复到初始姿态,初始状态双手放松放置在桌面上手心朝下|手操作道具时目光跟随手动作缓慢移动|放慢动作保证录制时长不低于10秒,5,,,HUMAN_CAGE,2025/11/30,TRUE,NR26Q2_ITF_Act1_Task004
79,拿起右侧篮子|放置在中间置物架上|桌子高度90CM|桌子距离15CM,拿起右侧“鸭子”，放置在中间置物架上,duck|置物架,演员呈现初始状态|低头注释即将操作的道具|拿起右侧篮子|放置在中间置物架上|放下手中道具|松手并恢复到初始姿态,初始状态双手放松放置在桌面上手心朝下|手操作道具时目光跟随手动作缓慢移动|放慢动作保证录制时长不低于10秒,5,,,HUMAN_CAGE,2025/11/30,TRUE,NR26Q2_ITF_Act1_Task001
80,将左前方手冲壶拿起|对准右侧水杯倒入咖啡|桌子高度90CM|桌子距离25CM,将左前方手冲壶拿起，对准右侧水杯倒入咖啡,pourover_kettle_d82mm_qc|cup_tea_yellow_d74mm_qc,演员呈现初始状态|低头注释即将操作的道具|将左前方手冲壶拿起|对准右侧水杯倒入咖啡|放下手中道具|松手并恢复到初始姿态,初始状态双手放松放置在桌面上手心朝下|手操作道具时目光跟随手动作缓慢移动|放慢动作保证录制时长不低于10秒,5,,,HUMAN_CAGE,2025/11/30,TRUE,NR26Q2_ITF_Act1_Task001
81,将左侧手冲壶拿起|对准水杯倒入咖啡|桌子高度90CM|桌子距离25CM,将左侧手冲壶拿起，对准水杯倒入咖啡,pourover_kettle_d82mm_qc|cup_tea_yellow_d74mm_qc,演员呈现初始状态|低头注释即将操作的道具|将左侧手冲壶拿起|对准水杯倒入咖啡|放下手中道具|松手并恢复到初始姿态,初始状态双手放松放置在桌面上手心朝下|手操作道具时目光跟随手动作缓慢移动|放慢动作保证录制时长不低于10秒,5,,,HUMAN_CAGE,2025/11/30,TRUE,NR26Q2_ITF_Act1_Task001
82,拿起右前方置物架|放置在中间桌面|桌子高度90CM|桌子距离15CM,拿起右前方置物架，放置在中间桌面,置物架,演员呈现初始状态|低头注释即将操作的道具|拿起右前方置物架|放置在中间桌面|放下手中道具|松手并恢复到初始姿态,初始状态双手放松放置在桌面上手心朝下|手操作道具时目光跟随手动作缓慢移动|放慢动作保证录制时长不低于10秒,5,,,HUMAN_CAGE,2025/11/30,TRUE,NR26Q2_ITF_Act1_Task005
83,抓起左侧乐高方块|放置在右前方篮子里|桌子高度100CM|桌子距离25CM,抓起左侧乐高方块，放置在右前方篮子里,乐高方块|basket_30_xp,演员呈现初始状态|低头注释即将操作的道具|抓起左侧乐高方块|放置在右前方篮子里|放下手中道具|松手并恢复到初始姿态,初始状态双手放松放置在桌面上手心朝下|手操作道具时目光跟随手动作缓慢移动|放慢动作保证录制时长不低于10秒,5,,,HUMAN_CAGE,2025/11/30,TRUE,NR26Q2_ITF_Act1_Task006
84,将中间小烛台拿起|放置在左前方置物架|桌子高度100CM|桌子距离15CM,将中间小烛台拿起，放置在左前方置物架,小烛台|置物架,演员呈现初始状态|低头注释即将操作的道具|将中间小烛台拿起|放置在左前方置物架|放下手中道具|松手并恢复到初始姿态,初始状态双手放松放置在桌面上手心朝下|手操作道具时目光跟随手动作缓慢移动|放慢动作保证录制时长不低于10秒,5,,,HUMAN_CAGE,2025/11/30,TRUE,NR26Q2_ITF_Act1_Task003
85,拿起右侧纸团|扔进中间桌面垃圾桶|桌子高度90CM|桌子距离25CM,拿起右侧纸团，扔进中间桌面垃圾桶,纸团|桌面垃圾桶,演员呈现初始状态|低头注释即将操作的道具|拿起右侧纸团|扔进中间桌面垃圾桶|放下手中道具|松手并恢复到初始姿态,初始状态双手放松放置在桌面上手心朝下|手操作道具时目光跟随手动作缓慢移动|放慢动作保证录制时长不低于10秒,5,,,HUMAN_CAGE,2025/11/30,TRUE,NR26Q2_ITF_Act1_Task004
86,抓起左前方“鸭子”|放置在右侧置物架上|桌子高度90CM|桌子距离15CM,抓起左前方“鸭子”，放置在右侧置物架上,duck|置物架,演员呈现初始状态|低头注释即将操作的道具|抓起左前方“鸭子”|放置在右侧置物架上|放下手中道具|松手并恢复到初始姿态,初始状态双手放松放置在桌面上手心朝下|手操作道具时目光跟随手动作缓慢移动|放慢动作保证录制时长不低于10秒,5,,,HUMAN_CAGE,2025/11/30,TRUE,NR26Q2_ITF_Act1_Task001
87,拿起中间水杯|放置在右前方桌面|桌子高度100CM|桌子距离25CM,拿起中间水杯，放置在右前方桌面,cup_tea_yellow_d74mm_qc,演员呈现初始状态|低头注释即将操作的道具|拿起中间水杯|放置在右前方桌面|放下手中道具|松手并恢复到初始姿态,初始状态双手放松放置在桌面上手心朝下|手操作道具时目光跟随手动作缓慢移动|放慢动作保证录制时长不低于10秒,5,,,HUMAN_CAGE,2025/11/30,TRUE,NR26Q2_ITF_Act1_Task001
88,将左侧扫帚拿起|扫向右前方地面|桌子高度100CM|桌子距离15CM,将左侧扫帚拿起，扫向右前方地面,扫帚,演员呈现初始状态|低头注释即将操作的道具|将左侧扫帚拿起|扫向右前方地面|放下手中道具|松手并恢复到初始姿态,初始状态双手放松放置在桌面上手心朝下|手操作道具时目光跟随手动作缓慢移动|放慢动作保证录制时长不低于10秒,5,,,HUMAN_CAGE,2025/11/30,TRUE,NR26Q2_ITF_Act1_Task002
89,抓起右前方长柄刷子|放置在左侧置物架|桌子高度90CM|桌子距离25CM,抓起右前方长柄刷子，放置在左侧置物架,长柄刷子|置物架,演员呈现初始状态|低头注释即将操作的道具|抓起右前方长柄刷子|放置在左侧置物架|放下手中道具|松手并恢复到初始姿态,初始状态双手放松放置在桌面上手心朝下|手操作道具时目光跟随手动作缓慢移动|放慢动作保证录制时长不低于10秒,5,,,HUMAN_CAGE,2025/11/30,TRUE,NR26Q2_ITF_Act1_Task005
90,拿起中间纸团|替换左侧桌面垃圾桶内的纸团|桌子高度90CM|桌子距离15CM,拿起中间纸团，替换左侧桌面垃圾桶内的纸团,纸团|桌面垃圾桶,演员呈现初始状态|低头注释即将操作的道具|拿起中间纸团|替换左侧桌面垃圾桶内的纸团|放下手中道具|松手并恢复到初始姿态,初始状态双手放松放置在桌面上手心朝下|手操作道具时目光跟随手动作缓慢移动|放慢动作保证录制时长不低于10秒,5,,,HUMAN_CAGE,2025/11/30,TRUE,NR26Q2_ITF_Act1_Task004
91,将右前方手冲壶拿起|放置在左侧置物架|桌子高度100CM|桌子距离25CM,将右前方手冲壶拿起，放置在左侧置物架,pourover_kettle_d82mm_qc|置物架,演员呈现初始状态|低头注释即将操作的道具|将右前方手冲壶拿起|放置在左侧置物架|放下手中道具|松手并恢复到初始姿态,初始状态双手放松放置在桌面上手心朝下|手操作道具时目光跟随手动作缓慢移动|放慢动作保证录制时长不低于10秒,5,,,HUMAN_CAGE,2025/11/30,TRUE,NR26Q2_ITF_Act1_Task001
92,抓起左侧置物架|替换中间桌面的置物架|桌子高度100CM|桌子距离15CM,抓起左侧置物架，替换中间桌面的置物架,置物架,演员呈现初始状态|低头注释即将操作的道具|抓起左侧置物架|替换中间桌面的置物架|放下手中道具|松手并恢复到初始姿态,初始状态双手放松放置在桌面上手心朝下|手操作道具时目光跟随手动作缓慢移动|放慢动作保证录制时长不低于10秒,5,,,HUMAN_CAGE,2025/11/30,TRUE,NR26Q2_ITF_Act1_Task005
93,拿起中间乐高方块|放置在右前方篮子里|桌子高度90CM|桌子距离25CM,拿起中间乐高方块，放置在右前方篮子里,乐高方块|basket_30_xp,演员呈现初始状态|低头注释即将操作的道具|拿起中间乐高方块|放置在右前方篮子里|放下手中道具|松手并恢复到初始姿态,初始状态双手放松放置在桌面上手心朝下|手操作道具时目光跟随手动作缓慢移动|放慢动作保证录制时长不低于10秒,5,,,HUMAN_CAGE,2025/11/30,TRUE,NR26Q2_ITF_Act1_Task006
94,将左前方小烛台拿起|放置在右侧置物架|桌子高度90CM|桌子距离15CM,将左前方小烛台拿起，放置在右侧置物架,小烛台|置物架,演员呈现初始状态|低头注释即将操作的道具|将左前方小烛台拿起|放置在右侧置物架|放下手中道具|松手并恢复到初始姿态,初始状态双手放松放置在桌面上手心朝下|手操作道具时目光跟随手动作缓慢移动|放慢动作保证录制时长不低于10秒,5,,,HUMAN_CAGE,2025/11/30,TRUE,NR26Q2_ITF_Act1_Task003
95,抓起右侧扫帚|扫向中间地面|桌子高度100CM|桌子距离25CM,抓起右侧扫帚，扫向中间地面,扫帚,演员呈现初始状态|低头注释即将操作的道具|抓起右侧扫帚|扫向中间地面|放下手中道具|松手并恢复到初始姿态,初始状态双手放松放置在桌面上手心朝下|手操作道具时目光跟随手动作缓慢移动|放慢动作保证录制时长不低于10秒,5,,,HUMAN_CAGE,2025/11/30,TRUE,NR26Q2_ITF_Act1_Task002
96,拿起左前方长柄刷子|替换右侧置物架内的长柄刷子|桌子高度100CM|桌子距离15CM,拿起左前方长柄刷子，替换右侧置物架内的长柄刷子,长柄刷子|置物架,演员呈现初始状态|低头注释即将操作的道具|拿起左前方长柄刷子|替换右侧置物架内的长柄刷子|放下手中道具|松手并恢复到初始姿态,初始状态双手放松放置在桌面上手心朝下|手操作道具时目光跟随手动作缓慢移动|放慢动作保证录制时长不低于10秒,5,,,HUMAN_CAGE,2025/11/30,TRUE,NR26Q2_ITF_Act1_Task005
97,将中间水杯拿起|放置在左前方桌面|桌子高度90CM|桌子距离25CM,将中间水杯拿起，放置在左前方桌面,cup_tea_yellow_d74mm_qc,演员呈现初始状态|低头注释即将操作的道具|将中间水杯拿起|放置在左前方桌面|放下手中道具|松手并恢复到初始姿态,初始状态双手放松放置在桌面上手心朝下|手操作道具时目光跟随手动作缓慢移动|放慢动作保证录制时长不低于10秒,5,,,HUMAN_CAGE,2025/11/30,TRUE,NR26Q2_ITF_Act1_Task001
98,抓起右侧纸团|扔进左前方桌面垃圾桶|桌子高度90CM|桌子距离15CM,抓起右侧纸团，扔进左前方桌面垃圾桶,纸团|桌面垃圾桶,演员呈现初始状态|低头注释即将操作的道具|抓起右侧纸团|扔进左前方桌面垃圾桶|放下手中道具|松手并恢复到初始姿态,初始状态双手放松放置在桌面上手心朝下|手操作道具时目光跟随手动作缓慢移动|放慢动作保证录制时长不低于10秒,5,,,HUMAN_CAGE,2025/11/30,TRUE,NR26Q2_ITF_Act1_Task004
99,拿起左侧“鸭子”|放置在中间置物架上|桌子高度100CM|桌子距离25CM,拿起左侧“鸭子”，放置在中间置物架上,duck|置物架,演员呈现初始状态|低头注释即将操作的道具|拿起左侧“鸭子”|放置在中间置物架上|放下手中道具|松手并恢复到初始姿态,初始状态双手放松放置在桌面上手心朝下|手操作道具时目光跟随手动作缓慢移动|放慢动作保证录制时长不低于10秒,5,,,HUMAN_CAGE,2025/11/30,TRUE,NR26Q2_ITF_Act1_Task001
100,将右前方手冲壶拿起|对准左侧水杯倒入咖啡|桌子高度100CM|桌子距离15CM,将右前方手冲壶拿起，对准左侧水杯倒入咖啡,pourover_kettle_d82mm_qc|cup_tea_yellow_d74mm_qc,演员呈现初始状态|低头注释即将操作的道具|将右前方手冲壶拿起|对准左侧水杯倒入咖啡|放下手中道具|松手并恢复到初始姿态,初始状态双手放松放置在桌面上手心朝下|手操作道具时目光跟随手动作缓慢移动|放慢动作保证录制时长不低于10秒,5,,,HUMAN_CAGE,2025/11/30,TRUE,NR26Q2_ITF_Act1_Task001
101,将左侧手冲壶拿起|对准水杯倒入咖啡|桌子高度100CM|桌子距离25CM,将左侧手冲壶拿起，对准水杯倒入咖啡,pourover_kettle_d82mm_qc|cup_tea_yellow_d74mm_qc,演员呈现初始状态|低头注释即将操作的道具|将左侧手冲壶拿起|对准水杯倒入咖啡|放下手中道具|松手并恢复到初始姿态,初始状态双手放松放置在桌面上手心朝下|手操作道具时目光跟随手动作缓慢移动|放慢动作保证录制时长不低于10秒,5,,,HUMAN_CAGE,2025/11/30,TRUE,NR26Q2_ITF_Act1_Task001
102,拿起右前方置物架|放置在中间桌面|桌子高度100CM|桌子距离15CM,拿起右前方置物架，放置在中间桌面,置物架,演员呈现初始状态|低头注释即将操作的道具|拿起右前方置物架|放置在中间桌面|放下手中道具|松手并恢复到初始姿态,初始状态双手放松放置在桌面上手心朝下|手操作道具时目光跟随手动作缓慢移动|放慢动作保证录制时长不低于10秒,5,,,HUMAN_CAGE,2025/11/30,TRUE,NR26Q2_ITF_Act1_Task005
103,抓起左侧乐高方块|放置在右前方篮子里|桌子高度90CM|桌子距离25CM,抓起左侧乐高方块，放置在右前方篮子里,乐高方块|basket_30_xp,演员呈现初始状态|低头注释即将操作的道具|抓起左侧乐高方块|放置在右前方篮子里|放下手中道具|松手并恢复到初始姿态,初始状态双手放松放置在桌面上手心朝下|手操作道具时目光跟随手动作缓慢移动|放慢动作保证录制时长不低于10秒,5,,,HUMAN_CAGE,2025/11/30,TRUE,NR26Q2_ITF_Act1_Task006
104,将中间小烛台拿起|放置在左前方置物架|桌子高度90CM|桌子距离15CM,将中间小烛台拿起，放置在左前方置物架,小烛台|置物架,演员呈现初始状态|低头注释即将操作的道具|将中间小烛台拿起|放置在左前方置物架|放下手中道具|松手并恢复到初始姿态,初始状态双手放松放置在桌面上手心朝下|手操作道具时目光跟随手动作缓慢移动|放慢动作保证录制时长不低于10秒,5,,,HUMAN_CAGE,2025/11/30,TRUE,NR26Q2_ITF_Act1_Task003
105,拿起右侧纸团|扔进中间桌面垃圾桶|桌子高度100CM|桌子距离25CM,拿起右侧纸团，扔进中间桌面垃圾桶,纸团|桌面垃圾桶,演员呈现初始状态|低头注释即将操作的道具|拿起右侧纸团|扔进中间桌面垃圾桶|放下手中道具|松手并恢复到初始姿态,初始状态双手放松放置在桌面上手心朝下|手操作道具时目光跟随手动作缓慢移动|放慢动作保证录制时长不低于10秒,5,,,HUMAN_CAGE,2025/11/30,TRUE,NR26Q2_ITF_Act1_Task004
106,抓起左前方“鸭子”|放置在右侧置物架上|桌子高度100CM|桌子距离15CM,抓起左前方“鸭子”，放置在右侧置物架上,duck|置物架,演员呈现初始状态|低头注释即将操作的道具|抓起左前方“鸭子”|放置在右侧置物架上|放下手中道具|松手并恢复到初始姿态,初始状态双手放松放置在桌面上手心朝下|手操作道具时目光跟随手动作缓慢移动|放慢动作保证录制时长不低于10秒,5,,,HUMAN_CAGE,2025/11/30,TRUE,NR26Q2_ITF_Act1_Task001
107,拿起中间水杯|放置在右前方桌面|桌子高度90CM|桌子距离25CM,拿起中间水杯，放置在右前方桌面,cup_tea_yellow_d74mm_qc,演员呈现初始状态|低头注释即将操作的道具|拿起中间水杯|放置在右前方桌面|放下手中道具|松手并恢复到初始姿态,初始状态双手放松放置在桌面上手心朝下|手操作道具时目光跟随手动作缓慢移动|放慢动作保证录制时长不低于10秒,5,,,HUMAN_CAGE,2025/11/30,TRUE,NR26Q2_ITF_Act1_Task001
108,将左侧扫帚拿起|扫向右前方地面|桌子高度90CM|桌子距离15CM,将左侧扫帚拿起，扫向右前方地面,扫帚,演员呈现初始状态|低头注释即将操作的道具|将左侧扫帚拿起|扫向右前方地面|放下手中道具|松手并恢复到初始姿态,初始状态双手放松放置在桌面上手心朝下|手操作道具时目光跟随手动作缓慢移动|放慢动作保证录制时长不低于10秒,5,,,HUMAN_CAGE,2025/11/30,TRUE,NR26Q2_ITF_Act1_Task002
109,抓起右前方长柄刷子|放置在左侧置物架|桌子高度100CM|桌子距离25CM,抓起右前方长柄刷子，放置在左侧置物架,长柄刷子|置物架,演员呈现初始状态|低头注释即将操作的道具|抓起右前方长柄刷子|放置在左侧置物架|放下手中道具|松手并恢复到初始姿态,初始状态双手放松放置在桌面上手心朝下|手操作道具时目光跟随手动作缓慢移动|放慢动作保证录制时长不低于10秒,5,,,HUMAN_CAGE,2025/11/30,TRUE,NR26Q2_ITF_Act1_Task005
110,拿起中间纸团|替换左侧桌面垃圾桶内的纸团|桌子高度100CM|桌子距离15CM,拿起中间纸团，替换左侧桌面垃圾桶内的纸团,纸团|桌面垃圾桶,演员呈现初始状态|低头注释即将操作的道具|拿起中间纸团|替换左侧桌面垃圾桶内的纸团|放下手中道具|松手并恢复到初始姿态,初始状态双手放松放置在桌面上手心朝下|手操作道具时目光跟随手动作缓慢移动|放慢动作保证录制时长不低于10秒,5,,,HUMAN_CAGE,2025/11/30,TRUE,NR26Q2_ITF_Act1_Task004
111,将右前方手冲壶拿起|放置在左侧置物架|桌子高度90CM|桌子距离25CM,将右前方手冲壶拿起，放置在左侧置物架,pourover_kettle_d82mm_qc|置物架,演员呈现初始状态|低头注释即将操作的道具|将右前方手冲壶拿起|放置在左侧置物架|放下手中道具|松手并恢复到初始姿态,初始状态双手放松放置在桌面上手心朝下|手操作道具时目光跟随手动作缓慢移动|放慢动作保证录制时长不低于10秒,5,,,HUMAN_CAGE,2025/11/30,TRUE,NR26Q2_ITF_Act1_Task001
112,抓起左侧置物架|替换中间桌面的置物架|桌子高度90CM|桌子距离15CM,抓起左侧置物架，替换中间桌面的置物架,置物架,演员呈现初始状态|低头注释即将操作的道具|抓起左侧置物架|替换中间桌面的置物架|放下手中道具|松手并恢复到初始姿态,初始状态双手放松放置在桌面上手心朝下|手操作道具时目光跟随手动作缓慢移动|放慢动作保证录制时长不低于10秒,5,,,HUMAN_CAGE,2025/11/30,TRUE,NR26Q2_ITF_Act1_Task005
113,拿起中间乐高方块|放置在右前方篮子里|桌子高度100CM|桌子距离25CM,拿起中间乐高方块，放置在右前方篮子里,乐高方块|basket_30_xp,演员呈现初始状态|低头注释即将操作的道具|拿起中间乐高方块|放置在右前方篮子里|放下手中道具|松手并恢复到初始姿态,初始状态双手放松放置在桌面上手心朝下|手操作道具时目光跟随手动作缓慢移动|放慢动作保证录制时长不低于10秒,5,,,HUMAN_CAGE,2025/11/30,TRUE,NR26Q2_ITF_Act1_Task006
114,将左前方小烛台拿起|放置在右侧置物架|桌子高度100CM|桌子距离15CM,将左前方小烛台拿起，放置在右侧置物架,小烛台|置物架,演员呈现初始状态|低头注释即将操作的道具|将左前方小烛台拿起|放置在右侧置物架|放下手中道具|松手并恢复到初始姿态,初始状态双手放松放置在桌面上手心朝下|手操作道具时目光跟随手动作缓慢移动|放慢动作保证录制时长不低于10秒,5,,,HUMAN_CAGE,2025/11/30,TRUE,NR26Q2_ITF_Act1_Task003
115,抓起右侧扫帚|扫向中间地面|桌子高度90CM|桌子距离25CM,抓起右侧扫帚，扫向中间地面,扫帚,演员呈现初始状态|低头注释即将操作的道具|抓起右侧扫帚|扫向中间地面|放下手中道具|松手并恢复到初始姿态,初始状态双手放松放置在桌面上手心朝下|手操作道具时目光跟随手动作缓慢移动|放慢动作保证录制时长不低于10秒,5,,,HUMAN_CAGE,2025/11/30,TRUE,NR26Q2_ITF_Act1_Task002
116,拿起左前方长柄刷子|替换右侧置物架内的长柄刷子|桌子高度90CM|桌子距离15CM,拿起左前方长柄刷子，替换右侧置物架内的长柄刷子,长柄刷子|置物架,演员呈现初始状态|低头注释即将操作的道具|拿起左前方长柄刷子|替换右侧置物架内的长柄刷子|放下手中道具|松手并恢复到初始姿态,初始状态双手放松放置在桌面上手心朝下|手操作道具时目光跟随手动作缓慢移动|放慢动作保证录制时长不低于10秒,5,,,HUMAN_CAGE,2025/11/30,TRUE,NR26Q2_ITF_Act1_Task005
117,将中间水杯拿起|放置在左前方桌面|桌子高度100CM|桌子距离25CM,将中间水杯拿起，放置在左前方桌面,cup_tea_yellow_d74mm_qc,演员呈现初始状态|低头注释即将操作的道具|将中间水杯拿起|放置在左前方桌面|放下手中道具|松手并恢复到初始姿态,初始状态双手放松放置在桌面上手心朝下|手操作道具时目光跟随手动作缓慢移动|放慢动作保证录制时长不低于10秒,5,,,HUMAN_CAGE,2025/11/30,TRUE,NR26Q2_ITF_Act1_Task001
118,抓起右侧纸团|扔进左前方桌面垃圾桶|桌子高度100CM|桌子距离15CM,抓起右侧纸团，扔进左前方桌面垃圾桶,纸团|桌面垃圾桶,演员呈现初始状态|低头注释即将操作的道具|抓起右侧纸团|扔进左前方桌面垃圾桶|放下手中道具|松手并恢复到初始姿态,初始状态双手放松放置在桌面上手心朝下|手操作道具时目光跟随手动作缓慢移动|放慢动作保证录制时长不低于10秒,5,,,HUMAN_CAGE,2025/11/30,TRUE,NR26Q2_ITF_Act1_Task004
119,拿起左侧“鸭子”|放置在中间置物架上|桌子高度90CM|桌子距离25CM,拿起左侧“鸭子”，放置在中间置物架上,duck|置物架,演员呈现初始状态|低头注释即将操作的道具|拿起左侧“鸭子”|放置在中间置物架上|放下手中道具|松手并恢复到初始姿态,初始状态双手放松放置在桌面上手心朝下|手操作道具时目光跟随手动作缓慢移动|放慢动作保证录制时长不低于10秒,5,,,HUMAN_CAGE,2025/11/30,TRUE,NR26Q2_ITF_Act1_Task001
120,将右前方手冲壶拿起|对准左侧水杯倒入咖啡|桌子高度90CM|桌子距离15CM,将右前方手冲壶拿起，对准左侧水杯倒入咖啡,pourover_kettle_d82mm_qc|cup_tea_yellow_d74mm_qc,演员呈现初始状态|低头注释即将操作的道具|将右前方手冲壶拿起|对准左侧水杯倒入咖啡|放下手中道具|松手并恢复到初始姿态,初始状态双手放松放置在桌面上手心朝下|手操作道具时目光跟随手动作缓慢移动|放慢动作保证录制时长不低于10秒,5,,,HUMAN_CAGE,2025/11/30,TRUE,NR26Q2_ITF_Act1_Task001
121,将右侧手冲壶拿起|对准水杯倒入咖啡|桌子高度90CM|桌子距离25CM,将右侧手冲壶拿起，对准水杯倒入咖啡,pourover_kettle_d82mm_qc|cup_tea_yellow_d74mm_qc,演员呈现初始状态|低头注释即将操作的道具|将右侧手冲壶拿起|对准水杯倒入咖啡|放下手中道具|松手并恢复到初始姿态,初始状态双手放松放置在桌面上手心朝下|手操作道具时目光跟随手动作缓慢移动|放慢动作保证录制时长不低于10秒,5,,,HUMAN_CAGE,2025/11/30,TRUE,NR26Q2_ITF_Act1_Task001
122,拿起左前方置物架|放置在中间桌面|桌子高度90CM|桌子距离15CM,拿起左前方置物架，放置在中间桌面,置物架,演员呈现初始状态|低头注释即将操作的道具|拿起左前方置物架|放置在中间桌面|放下手中道具|松手并恢复到初始姿态,初始状态双手放松放置在桌面上手心朝下|手操作道具时目光跟随手动作缓慢移动|放慢动作保证录制时长不低于10秒,5,,,HUMAN_CAGE,2025/11/30,TRUE,NR26Q2_ITF_Act1_Task005
123,抓起右侧乐高方块|放置在左前方篮子里|桌子高度100CM|桌子距离25CM,抓起右侧乐高方块，放置在左前方篮子里,乐高方块|basket_30_xp,演员呈现初始状态|低头注释即将操作的道具|抓起右侧乐高方块|放置在左前方篮子里|放下手中道具|松手并恢复到初始姿态,初始状态双手放松放置在桌面上手心朝下|手操作道具时目光跟随手动作缓慢移动|放慢动作保证录制时长不低于10秒,5,,,HUMAN_CAGE,2025/11/30,TRUE,NR26Q2_ITF_Act1_Task006
124,将中间小烛台拿起|放置在右前方置物架|桌子高度100CM|桌子距离15CM,将中间小烛台拿起，放置在右前方置物架,小烛台|置物架,演员呈现初始状态|低头注释即将操作的道具|将中间小烛台拿起|放置在右前方置物架|放下手中道具|松手并恢复到初始姿态,初始状态双手放松放置在桌面上手心朝下|手操作道具时目光跟随手动作缓慢移动|放慢动作保证录制时长不低于10秒,5,,,HUMAN_CAGE,2025/11/30,TRUE,NR26Q2_ITF_Act1_Task003
125,拿起左侧纸团|扔进中间桌面垃圾桶|桌子高度90CM|桌子距离25CM,拿起左侧纸团，扔进中间桌面垃圾桶,纸团|桌面垃圾桶,演员呈现初始状态|低头注释即将操作的道具|拿起左侧纸团|扔进中间桌面垃圾桶|放下手中道具|松手并恢复到初始姿态,初始状态双手放松放置在桌面上手心朝下|手操作道具时目光跟随手动作缓慢移动|放慢动作保证录制时长不低于10秒,5,,,HUMAN_CAGE,2025/11/30,TRUE,NR26Q2_ITF_Act1_Task004
126,抓起右前方“鸭子”|放置在左侧置物架上|桌子高度90CM|桌子距离15CM,抓起右前方“鸭子”，放置在左侧置物架上,duck|置物架,演员呈现初始状态|低头注释即将操作的道具|抓起右前方“鸭子”|放置在左侧置物架上|放下手中道具|松手并恢复到初始姿态,初始状态双手放松放置在桌面上手心朝下|手操作道具时目光跟随手动作缓慢移动|放慢动作保证录制时长不低于10秒,5,,,HUMAN_CAGE,2025/11/30,TRUE,NR26Q2_ITF_Act1_Task001
127,拿起中间水杯|放置在左前方桌面|桌子高度100CM|桌子距离25CM,拿起中间水杯，放置在左前方桌面,cup_tea_yellow_d74mm_qc,演员呈现初始状态|低头注释即将操作的道具|拿起中间水杯|放置在左前方桌面|放下手中道具|松手并恢复到初始姿态,初始状态双手放松放置在桌面上手心朝下|手操作道具时目光跟随手动作缓慢移动|放慢动作保证录制时长不低于10秒,5,,,HUMAN_CAGE,2025/11/30,TRUE,NR26Q2_ITF_Act1_Task001
128,将右侧扫帚拿起|扫向左前方地面|桌子高度100CM|桌子距离15CM,将右侧扫帚拿起，扫向左前方地面,扫帚,演员呈现初始状态|低头注释即将操作的道具|将右侧扫帚拿起|扫向左前方地面|放下手中道具|松手并恢复到初始姿态,初始状态双手放松放置在桌面上手心朝下|手操作道具时目光跟随手动作缓慢移动|放慢动作保证录制时长不低于10秒,5,,,HUMAN_CAGE,2025/11/30,TRUE,NR26Q2_ITF_Act1_Task002
129,抓起左前方长柄刷子|放置在右侧置物架|桌子高度90CM|桌子距离25CM,抓起左前方长柄刷子，放置在右侧置物架,长柄刷子|置物架,演员呈现初始状态|低头注释即将操作的道具|抓起左前方长柄刷子|放置在右侧置物架|放下手中道具|松手并恢复到初始姿态,初始状态双手放松放置在桌面上手心朝下|手操作道具时目光跟随手动作缓慢移动|放慢动作保证录制时长不低于10秒,5,,,HUMAN_CAGE,2025/11/30,TRUE,NR26Q2_ITF_Act1_Task005
130,拿起中间纸团|替换右侧桌面垃圾桶内的纸团|桌子高度90CM|桌子距离15CM,拿起中间纸团，替换右侧桌面垃圾桶内的纸团,纸团|桌面垃圾桶,演员呈现初始状态|低头注释即将操作的道具|拿起中间纸团|替换右侧桌面垃圾桶内的纸团|放下手中道具|松手并恢复到初始姿态,初始状态双手放松放置在桌面上手心朝下|手操作道具时目光跟随手动作缓慢移动|放慢动作保证录制时长不低于10秒,5,,,HUMAN_CAGE,2025/11/30,TRUE,NR26Q2_ITF_Act1_Task004
131,将左前方手冲壶拿起|放置在右侧置物架|桌子高度100CM|桌子距离25CM,将左前方手冲壶拿起，放置在右侧置物架,pourover_kettle_d82mm_qc|置物架,演员呈现初始状态|低头注释即将操作的道具|将左前方手冲壶拿起|放置在右侧置物架|放下手中道具|松手并恢复到初始姿态,初始状态双手放松放置在桌面上手心朝下|手操作道具时目光跟随手动作缓慢移动|放慢动作保证录制时长不低于10秒,5,,,HUMAN_CAGE,2025/11/30,TRUE,NR26Q2_ITF_Act1_Task001
132,抓起右侧置物架|替换中间桌面的置物架|桌子高度100CM|桌子距离15CM,抓起右侧置物架，替换中间桌面的置物架,置物架,演员呈现初始状态|低头注释即将操作的道具|抓起右侧置物架|替换中间桌面的置物架|放下手中道具|松手并恢复到初始姿态,初始状态双手放松放置在桌面上手心朝下|手操作道具时目光跟随手动作缓慢移动|放慢动作保证录制时长不低于10秒,5,,,HUMAN_CAGE,2025/11/30,TRUE,NR26Q2_ITF_Act1_Task005
133,拿起中间乐高方块|放置在左前方篮子里|桌子高度90CM|桌子距离25CM,拿起中间乐高方块，放置在左前方篮子里,乐高方块|basket_30_xp,演员呈现初始状态|低头注释即将操作的道具|拿起中间乐高方块|放置在左前方篮子里|放下手中道具|松手并恢复到初始姿态,初始状态双手放松放置在桌面上手心朝下|手操作道具时目光跟随手动作缓慢移动|放慢动作保证录制时长不低于10秒,5,,,HUMAN_CAGE,2025/11/30,TRUE,NR26Q2_ITF_Act1_Task006
134,将右前方小烛台拿起|放置在左侧置物架|桌子高度90CM|桌子距离15CM,将右前方小烛台拿起，放置在左侧置物架,小烛台|置物架,演员呈现初始状态|低头注释即将操作的道具|将右前方小烛台拿起|放置在左侧置物架|放下手中道具|松手并恢复到初始姿态,初始状态双手放松放置在桌面上手心朝下|手操作道具时目光跟随手动作缓慢移动|放慢动作保证录制时长不低于10秒,5,,,HUMAN_CAGE,2025/11/30,TRUE,NR26Q2_ITF_Act1_Task003
135,抓起左侧扫帚|扫向中间地面|桌子高度100CM|桌子距离25CM,抓起左侧扫帚，扫向中间地面,扫帚,演员呈现初始状态|低头注释即将操作的道具|抓起左侧扫帚|扫向中间地面|放下手中道具|松手并恢复到初始姿态,初始状态双手放松放置在桌面上手心朝下|手操作道具时目光跟随手动作缓慢移动|放慢动作保证录制时长不低于10秒,5,,,HUMAN_CAGE,2025/11/30,TRUE,NR26Q2_ITF_Act1_Task002
136,拿起右前方长柄刷子|替换左侧置物架内的长柄刷子|桌子高度100CM|桌子距离15CM,拿起右前方长柄刷子，替换左侧置物架内的长柄刷子,长柄刷子|置物架,演员呈现初始状态|低头注释即将操作的道具|拿起右前方长柄刷子|替换左侧置物架内的长柄刷子|放下手中道具|松手并恢复到初始姿态,初始状态双手放松放置在桌面上手心朝下|手操作道具时目光跟随手动作缓慢移动|放慢动作保证录制时长不低于10秒,5,,,HUMAN_CAGE,2025/11/30,TRUE,NR26Q2_ITF_Act1_Task005
137,将中间水杯拿起|放置在右前方桌面|桌子高度90CM|桌子距离25CM,将中间水杯拿起，放置在右前方桌面,cup_tea_yellow_d74mm_qc,演员呈现初始状态|低头注释即将操作的道具|将中间水杯拿起|放置在右前方桌面|放下手中道具|松手并恢复到初始姿态,初始状态双手放松放置在桌面上手心朝下|手操作道具时目光跟随手动作缓慢移动|放慢动作保证录制时长不低于10秒,5,,,HUMAN_CAGE,2025/11/30,TRUE,NR26Q2_ITF_Act1_Task001
138,抓起左侧纸团|扔进右前方桌面垃圾桶|桌子高度90CM|桌子距离15CM,抓起左侧纸团，扔进右前方桌面垃圾桶,纸团|桌面垃圾桶,演员呈现初始状态|低头注释即将操作的道具|抓起左侧纸团|扔进右前方桌面垃圾桶|放下手中道具|松手并恢复到初始姿态,初始状态双手放松放置在桌面上手心朝下|手操作道具时目光跟随手动作缓慢移动|放慢动作保证录制时长不低于10秒,5,,,HUMAN_CAGE,2025/11/30,TRUE,NR26Q2_ITF_Act1_Task004
139,拿起右侧“鸭子”|放置在中间置物架上|桌子高度100CM|桌子距离25CM,拿起右侧“鸭子”，放置在中间置物架上,duck|置物架,演员呈现初始状态|低头注释即将操作的道具|拿起右侧“鸭子”|放置在中间置物架上|放下手中道具|松手并恢复到初始姿态,初始状态双手放松放置在桌面上手心朝下|手操作道具时目光跟随手动作缓慢移动|放慢动作保证录制时长不低于10秒,5,,,HUMAN_CAGE,2025/11/30,TRUE,NR26Q2_ITF_Act1_Task001
140,将左前方手冲壶拿起|对准右侧水杯倒入咖啡|桌子高度100CM|桌子距离15CM,将左前方手冲壶拿起，对准右侧水杯倒入咖啡,pourover_kettle_d82mm_qc|cup_tea_yellow_d74mm_qc,演员呈现初始状态|低头注释即将操作的道具|将左前方手冲壶拿起|对准右侧水杯倒入咖啡|放下手中道具|松手并恢复到初始姿态,初始状态双手放松放置在桌面上手心朝下|手操作道具时目光跟随手动作缓慢移动|放慢动作保证录制时长不低于10秒,5,,,HUMAN_CAGE,2025/11/30,TRUE,NR26Q2_ITF_Act1_Task001
141,将右侧手冲壶拿起|对准水杯倒入咖啡|桌子高度100CM|桌子距离25CM,将右侧手冲壶拿起，对准水杯倒入咖啡,pourover_kettle_d82mm_qc|cup_tea_yellow_d74mm_qc,演员呈现初始状态|低头注释即将操作的道具|将右侧手冲壶拿起|对准水杯倒入咖啡|放下手中道具|松手并恢复到初始姿态,初始状态双手放松放置在桌面上手心朝下|手操作道具时目光跟随手动作缓慢移动|放慢动作保证录制时长不低于10秒,5,,,HUMAN_CAGE,2025/11/30,TRUE,NR26Q2_ITF_Act1_Task001
142,拿起左前方置物架|放置在中间桌面|桌子高度100CM|桌子距离15CM,拿起左前方置物架，放置在中间桌面,置物架,演员呈现初始状态|低头注释即将操作的道具|拿起左前方置物架|放置在中间桌面|放下手中道具|松手并恢复到初始姿态,初始状态双手放松放置在桌面上手心朝下|手操作道具时目光跟随手动作缓慢移动|放慢动作保证录制时长不低于10秒,5,,,HUMAN_CAGE,2025/11/30,TRUE,NR26Q2_ITF_Act1_Task005
143,抓起右侧乐高方块|放置在左前方篮子里|桌子高度90CM|桌子距离25CM,抓起右侧乐高方块，放置在左前方篮子里,乐高方块|basket_30_xp,演员呈现初始状态|低头注释即将操作的道具|抓起右侧乐高方块|放置在左前方篮子里|放下手中道具|松手并恢复到初始姿态,初始状态双手放松放置在桌面上手心朝下|手操作道具时目光跟随手动作缓慢移动|放慢动作保证录制时长不低于10秒,5,,,HUMAN_CAGE,2025/11/30,TRUE,NR26Q2_ITF_Act1_Task006
144,将中间小烛台拿起|放置在右前方置物架|桌子高度90CM|桌子距离15CM,将中间小烛台拿起，放置在右前方置物架,小烛台|置物架,演员呈现初始状态|低头注释即将操作的道具|将中间小烛台拿起|放置在右前方置物架|放下手中道具|松手并恢复到初始姿态,初始状态双手放松放置在桌面上手心朝下|手操作道具时目光跟随手动作缓慢移动|放慢动作保证录制时长不低于10秒,5,,,HUMAN_CAGE,2025/11/30,TRUE,NR26Q2_ITF_Act1_Task003
145,拿起左侧纸团|扔进中间桌面垃圾桶|桌子高度100CM|桌子距离25CM,拿起左侧纸团，扔进中间桌面垃圾桶,纸团|桌面垃圾桶,演员呈现初始状态|低头注释即将操作的道具|拿起左侧纸团|扔进中间桌面垃圾桶|放下手中道具|松手并恢复到初始姿态,初始状态双手放松放置在桌面上手心朝下|手操作道具时目光跟随手动作缓慢移动|放慢动作保证录制时长不低于10秒,5,,,HUMAN_CAGE,2025/11/30,TRUE,NR26Q2_ITF_Act1_Task004
146,抓起右前方“鸭子”|放置在左侧置物架上|桌子高度100CM|桌子距离15CM,抓起右前方“鸭子”，放置在左侧置物架上,duck|置物架,演员呈现初始状态|低头注释即将操作的道具|抓起右前方“鸭子”|放置在左侧置物架上|放下手中道具|松手并恢复到初始姿态,初始状态双手放松放置在桌面上手心朝下|手操作道具时目光跟随手动作缓慢移动|放慢动作保证录制时长不低于10秒,5,,,HUMAN_CAGE,2025/11/30,TRUE,NR26Q2_ITF_Act1_Task001
147,拿起中间水杯|放置在左前方桌面|桌子高度90CM|桌子距离25CM,拿起中间水杯，放置在左前方桌面,cup_tea_yellow_d74mm_qc,演员呈现初始状态|低头注释即将操作的道具|拿起中间水杯|放置在左前方桌面|放下手中道具|松手并恢复到初始姿态,初始状态双手放松放置在桌面上手心朝下|手操作道具时目光跟随手动作缓慢移动|放慢动作保证录制时长不低于10秒,5,,,HUMAN_CAGE,2025/11/30,TRUE,NR26Q2_ITF_Act1_Task001
148,将右侧扫帚拿起|扫向左前方地面|桌子高度90CM|桌子距离15CM,将右侧扫帚拿起，扫向左前方地面,扫帚,演员呈现初始状态|低头注释即将操作的道具|将右侧扫帚拿起|扫向左前方地面|放下手中道具|松手并恢复到初始姿态,初始状态双手放松放置在桌面上手心朝下|手操作道具时目光跟随手动作缓慢移动|放慢动作保证录制时长不低于10秒,5,,,HUMAN_CAGE,2025/11/30,TRUE,NR26Q2_ITF_Act1_Task002
149,抓起左前方长柄刷子|放置在右侧置物架|桌子高度100CM|桌子距离25CM,抓起左前方长柄刷子，放置在右侧置物架,长柄刷子|置物架,演员呈现初始状态|低头注释即将操作的道具|抓起左前方长柄刷子|放置在右侧置物架|放下手中道具|松手并恢复到初始姿态,初始状态双手放松放置在桌面上手心朝下|手操作道具时目光跟随手动作缓慢移动|放慢动作保证录制时长不低于10秒,5,,,HUMAN_CAGE,2025/11/30,TRUE,NR26Q2_ITF_Act1_Task005
150,拿起中间纸团|替换右侧桌面垃圾桶内的纸团|桌子高度100CM|桌子距离15CM,拿起中间纸团，替换右侧桌面垃圾桶内的纸团,纸团|桌面垃圾桶,演员呈现初始状态|低头注释即将操作的道具|拿起中间纸团|替换右侧桌面垃圾桶内的纸团|放下手中道具|松手并恢复到初始姿态,初始状态双手放松放置在桌面上手心朝下|手操作道具时目光跟随手动作缓慢移动|放慢动作保证录制时长不低于10秒,5,,,HUMAN_CAGE,2025/11/30,TRUE,NR26Q2_ITF_Act1_Task004
151,将左前方手冲壶拿起|放置在右侧置物架|桌子高度90CM|桌子距离25CM,将左前方手冲壶拿起，放置在右侧置物架,pourover_kettle_d82mm_qc|置物架,演员呈现初始状态|低头注释即将操作的道具|将左前方手冲壶拿起|放置在右侧置物架|放下手中道具|松手并恢复到初始姿态,初始状态双手放松放置在桌面上手心朝下|手操作道具时目光跟随手动作缓慢移动|放慢动作保证录制时长不低于10秒,5,,,HUMAN_CAGE,2025/11/30,TRUE,NR26Q2_ITF_Act1_Task001
152,抓起右侧置物架|替换中间桌面的置物架|桌子高度90CM|桌子距离15CM,抓起右侧置物架，替换中间桌面的置物架,置物架,演员呈现初始状态|低头注释即将操作的道具|抓起右侧置物架|替换中间桌面的置物架|放下手中道具|松手并恢复到初始姿态,初始状态双手放松放置在桌面上手心朝下|手操作道具时目光跟随手动作缓慢移动|放慢动作保证录制时长不低于10秒,5,,,HUMAN_CAGE,2025/11/30,TRUE,NR26Q2_ITF_Act1_Task005
153,拿起中间乐高方块|放置在左前方篮子里|桌子高度100CM|桌子距离25CM,拿起中间乐高方块，放置在左前方篮子里,乐高方块|basket_30_xp,演员呈现初始状态|低头注释即将操作的道具|拿起中间乐高方块|放置在左前方篮子里|放下手中道具|松手并恢复到初始姿态,初始状态双手放松放置在桌面上手心朝下|手操作道具时目光跟随手动作缓慢移动|放慢动作保证录制时长不低于10秒,5,,,HUMAN_CAGE,2025/11/30,TRUE,NR26Q2_ITF_Act1_Task006
154,将右前方小烛台拿起|放置在左侧置物架|桌子高度100CM|桌子距离15CM,将右前方小烛台拿起，放置在左侧置物架,小烛台|置物架,演员呈现初始状态|低头注释即将操作的道具|将右前方小烛台拿起|放置在左侧置物架|放下手中道具|松手并恢复到初始姿态,初始状态双手放松放置在桌面上手心朝下|手操作道具时目光跟随手动作缓慢移动|放慢动作保证录制时长不低于10秒,5,,,HUMAN_CAGE,2025/11/30,TRUE,NR26Q2_ITF_Act1_Task003
155,抓起左侧扫帚|扫向中间地面|桌子高度90CM|桌子距离25CM,抓起左侧扫帚，扫向中间地面,扫帚,演员呈现初始状态|低头注释即将操作的道具|抓起左侧扫帚|扫向中间地面|放下手中道具|松手并恢复到初始姿态,初始状态双手放松放置在桌面上手心朝下|手操作道具时目光跟随手动作缓慢移动|放慢动作保证录制时长不低于10秒,5,,,HUMAN_CAGE,2025/11/30,TRUE,NR26Q2_ITF_Act1_Task002
156,拿起右前方长柄刷子|替换左侧置物架内的长柄刷子|桌子高度90CM|桌子距离15CM,拿起右前方长柄刷子，替换左侧置物架内的长柄刷子,长柄刷子|置物架,演员呈现初始状态|低头注释即将操作的道具|拿起右前方长柄刷子|替换左侧置物架内的长柄刷子|放下手中道具|松手并恢复到初始姿态,初始状态双手放松放置在桌面上手心朝下|手操作道具时目光跟随手动作缓慢移动|放慢动作保证录制时长不低于10秒,5,,,HUMAN_CAGE,2025/11/30,TRUE,NR26Q2_ITF_Act1_Task005
157,将中间水杯拿起|放置在右前方桌面|桌子高度100CM|桌子距离25CM,将中间水杯拿起，放置在右前方桌面,cup_tea_yellow_d74mm_qc,演员呈现初始状态|低头注释即将操作的道具|将中间水杯拿起|放置在右前方桌面|放下手中道具|松手并恢复到初始姿态,初始状态双手放松放置在桌面上手心朝下|手操作道具时目光跟随手动作缓慢移动|放慢动作保证录制时长不低于10秒,5,,,HUMAN_CAGE,2025/11/30,TRUE,NR26Q2_ITF_Act1_Task001
158,抓起左侧纸团|扔进右前方桌面垃圾桶|桌子高度100CM|桌子距离15CM,抓起左侧纸团，扔进右前方桌面垃圾桶,纸团|桌面垃圾桶,演员呈现初始状态|低头注释即将操作的道具|抓起左侧纸团|扔进右前方桌面垃圾桶|放下手中道具|松手并恢复到初始姿态,初始状态双手放松放置在桌面上手心朝下|手操作道具时目光跟随手动作缓慢移动|放慢动作保证录制时长不低于10秒,5,,,HUMAN_CAGE,2025/11/30,TRUE,NR26Q2_ITF_Act1_Task004
159,拿起右侧“鸭子”|放置在中间置物架上|桌子高度90CM|桌子距离25CM,拿起右侧“鸭子”，放置在中间置物架上,duck|置物架,演员呈现初始状态|低头注释即将操作的道具|拿起右侧“鸭子”|放置在中间置物架上|放下手中道具|松手并恢复到初始姿态,初始状态双手放松放置在桌面上手心朝下|手操作道具时目光跟随手动作缓慢移动|放慢动作保证录制时长不低于10秒,5,,,HUMAN_CAGE,2025/11/30,TRUE,NR26Q2_ITF_Act1_Task001
160,将左前方手冲壶拿起|对准右侧水杯倒入咖啡|桌子高度90CM|桌子距离15CM,将左前方手冲壶拿起，对准右侧水杯倒入咖啡,pourover_kettle_d82mm_qc|cup_tea_yellow_d74mm_qc,演员呈现初始状态|低头注释即将操作的道具|将左前方手冲壶拿起|对准右侧水杯倒入咖啡|放下手中道具|松手并恢复到初始姿态,初始状态双手放松放置在桌面上手心朝下|手操作道具时目光跟随手动作缓慢移动|放慢动作保证录制时长不低于10秒,5,,,HUMAN_CAGE,2025/11/30,TRUE,NR26Q2_ITF_Act1_Task001
